apt_group,nation,cluster,pca_x,pca_y
APT28,Russia,4,-0.0018370743908901134,-0.027562053722508778
TA2541,Others,2,0.4694574663220444,0.10892863737007616
Kimsuky,North Korea,2,0.07481117521123117,0.4101958938966753
Fox Kitten,Iran,4,-0.5810494862309689,0.22800584331976964
Turla,Russia,2,-0.3010098331289658,0.021314233572580617
Wizard Spider,Others,4,-0.3572114341319438,0.07316049036137796
Volt Typhoon,China,4,-0.4121851496950196,0.0010878758378574877
Tropic Trooper,Others,4,-0.04090005603950442,-0.6299496055075193
MuddyWater,Iran,2,0.017205806501886887,0.11937432595502571
Storm-1811,Others,4,0.037876195084214186,-0.08642794848337877
Gamaredon Group,Russia,2,-0.027077709212412145,0.07605177122018389
Gorgon Group,Others,3,0.1884036734556022,-0.2741284553519442
HAFNIUM,Others,4,-0.2374810201938134,0.19820372753039642
TA505,Others,2,0.24537544280577878,0.15823128081241417
FIN8,Others,1,-0.22576626968574454,0.14406277028126924
APT39,Iran,4,-0.29211437560401593,-0.20155765201421
FIN4,Others,3,0.5519629677164549,0.03428609564033097
Rocke,Others,4,-0.2603707427876174,-0.5158093069058679
menuPass,China,4,-0.26639718442740434,-0.23668689523499917
VOID MANTICORE,Others,2,-0.23843559064943645,0.6633615675787677
APT32,Others,2,-0.0827681352438762,0.0821078355454433
APT29,Russia,4,0.1699384087821585,0.16439211339693335
Earth Lusca,China,2,0.06518752708234328,0.3368042727615219
Sandworm Team,Russia,2,-0.034609700197708246,0.5140907945290016
Threat Group-3390,Others,4,-0.08506507770318465,-0.08084669715814947
APT-C-36,Others,2,0.4022880626678735,0.42928508423390266
Mofang,Others,3,1.032481862832664,-0.06864998099001969
Transparent Tribe,Others,2,0.9505339608797494,0.0009465749829414682
Naikon,Others,3,-0.11553478598756231,-0.44182125713175846
Patchwork,Others,4,0.1409276616161904,-0.2553109894258125
APT41,China,4,-0.5307293321724171,-0.3206012694395777
Magic Hound,Iran,2,-0.1354287004434846,0.28634904551987694
ZIRCONIUM,Others,2,0.31770277618455695,0.2033727748629944
Orangeworm,Others,1,-0.7401676804116732,-0.27556973393512213
TeamTNT,Others,4,-0.354593161761892,-0.4210724129768732
APT37,North Korea,3,0.23156497649121635,-0.3927500639095252
POLONIUM,Iran,2,-0.1209003376398961,1.0547177797784204
Scattered Spider,Others,4,-0.22527226072571616,0.5333346178753526
Aquatic Panda,China,4,-0.5961792837597092,-0.13010401025774618
Saint Bear,Others,2,0.5374287521127941,0.30396432292387277
CopyKittens,Others,4,-0.43877186174088195,0.20155205375251686
Mustard Tempest,Others,2,0.553074629572949,0.393611962147608
APT19,China,2,0.059755602793918595,-0.36165472208097754
Windshift,Others,3,0.46901478555270143,-0.2981580805213522
Silence,Others,4,-0.13943851540369928,0.13048476409942658
Moonstone Sleet,Others,2,0.3022608006532955,0.39716096550923097
FIN6,Others,4,-0.3258757044131877,-0.011471636633575342
LAPSUS$,Others,4,-0.09428273018051855,0.6341710394460932
Play,Others,1,-0.7987887886525739,0.0236043641920129
BlackTech,China,3,0.497942163505815,-0.3477811885898699
FIN7,Others,2,-0.0458114311633799,0.2761104472182961
OilRig,Iran,4,-0.17867596059311436,-0.17878055810922006
INC Ransom,Others,1,-0.7834780111963965,0.052855793291993594
Aoqin Dragon,Others,4,0.3114607095326389,-0.5990409877820789
MirrorFace,Others,4,-0.35556944799827794,-0.1498475348889967
Molerats,Others,2,0.536605066396876,0.04018249756458947
Chimera,China,4,-0.677190797177249,0.0008793352916012274
UNC3886,Others,4,-0.3204947162490766,-0.2779503876630439
HEXANE,Others,2,0.06710980128774671,0.41613812090957114
Sowbug,Others,4,-0.3922446710891501,-0.43189862790937306
Mustang Panda,China,2,0.041772315328669846,0.16622359696546907
WIRTE,Others,2,0.3478942689640823,0.20465177978148677
Medusa Group,Others,1,-0.52853391920021,0.3724773720949234
Moses Staff,Others,4,-0.5391146113771174,-0.08713720815245062
LazyScripter,Others,2,0.520374115685495,0.2949538797823156
BRONZE BUTLER,China,4,0.10988471342389781,-0.3582647496099679
GOLD SOUTHFIELD,Others,1,-0.44831715720967497,0.48394679891753384
Salt Typhoon,Others,4,-0.46226794149686345,-0.0024417952177980353
Group5,Others,4,0.005653311606007589,-0.5368658803917397
APT38,North Korea,4,-0.13278996389590852,-0.19535319825299502
Lazarus Group,North Korea,2,-0.043669126312277554,0.08986898485766445
admin@338,Others,4,0.1128681113132806,-0.5797815581948179
Darkhotel,Others,3,0.3189871793941197,-0.54878046386533
RedCurl,Others,4,-0.012185378145811575,-0.0632431015082264
APT3,Others,4,-0.43892571564773647,-0.31280959677490183
Cobalt Group,Others,1,0.05720259708098161,-0.11461209154777875
Stealth Falcon,Others,4,-0.31347034574151494,-0.08952460449908535
Agrius,Others,4,-0.6862033820723493,0.038164794451440616
Indrik Spider,Russia,4,-0.31496453277830844,0.5807463710909202
Akira,Others,1,-0.6663898055025496,0.577686950859753
Confucius,Others,2,0.42546432202097034,0.0862429118436799
Velvet Ant,Others,1,-0.6005148089691448,-0.36157016649707846
Sea Turtle,Others,4,-0.20184553374784073,0.26822394341618844
BITTER,Others,3,0.6188951595211698,-0.28485401850559183
AppleJeus,North Korea,1,-0.4263961978922172,0.7934778472878883
Carbanak,Others,1,-0.3723201098248398,-0.014810441834201285
APT33,Iran,4,0.26527090001713943,-0.07640655928611279
BlackByte,Others,1,-0.677397596118489,0.0526234899262138
FIN13,Others,4,-0.619372884822175,-0.2755812545253782
ToddyCat,Others,4,-0.5495950652517988,-0.26509873487349156
Dragonfly,Russia,4,-0.17072450931601152,0.009214469033573215
Suckfly,Others,4,-0.52482462775339,0.024956212526971243
Axiom,Others,4,-0.20056457521882026,0.17739963255781255
LuminousMoth,Others,2,0.11263295655086109,0.32950361900655106
Evilnum,Others,2,0.32021646641374285,0.24654455201595143
GALLIUM,China,4,-0.6114529911757096,-0.02826321797522062
Malteiro,Others,3,0.272775021542368,-0.3995177905606913
Silent Librarian,Others,2,0.5183304702877363,0.9470227979314908
Leviathan,Others,2,0.19002810064364492,0.3593088152481513
Winter Vivern,Others,2,0.1342406100804145,0.18895608942589073
BlackOasis,Others,3,-0.12479079261694138,-0.06852240587962503
CURIUM,Russia,2,0.5832115134494231,0.5234796666567807
Blue Mockingbird,Others,1,-0.5647818962566304,-0.04695828968330585
BackdoorDiplomacy,Others,4,-0.3464446650412587,-0.6574364406672039
Cinnamon Tempest,Others,1,-0.7263712672956972,0.21773164919119495
Ke3chang,China,4,-0.44664288429640375,-0.2829676035550189
APT42,Others,2,0.15438814369297285,0.21532587958804594
Machete,Others,3,0.6573860422544137,-0.1376413959047684
Leafminer,Iran,4,-0.077187743799249,0.05686456095831076
Tonto Team,Others,4,0.1524544377819015,-0.4570739014967257
Andariel,North Korea,3,0.45513016713160054,-0.5135308402384349
PROMETHIUM,Others,3,0.18781866855021154,-0.3426581013408142
APT5,Others,4,-0.5295510139530599,-0.2676068390988496
PLATINUM,Others,3,0.4788992003030357,-0.6327886634857782
Ember Bear,Others,4,-0.41506056142653136,0.16816329637633703
Sidewinder,Others,2,0.3861632187664436,-0.22703803424255095
DarkHydrus,Others,3,0.42738199099362273,-0.4028815626467712
TA551,Others,2,0.4136304063218259,-0.07034892650127472
TA578,Others,2,0.6968862092271281,1.0891811443090258
Metador,Others,4,-0.11114996844297885,-0.36914486018948744
EXOTIC LILY,Others,2,1.0608056935813897,0.6495298901305111
Higaisa,Others,2,0.23082627632369193,-0.34765353090762346
APT1,China,4,-0.03296604972383186,0.0327362477140307
Daggerfly,Others,4,-0.060930054062041335,0.0187393523158217
Volatile Cedar,Others,4,-0.3373125252384266,0.03202108928577431
Elderwood,Others,3,0.9125866152418103,-0.3012191471197193
Dark Caracal,Others,4,0.30320777241419383,-0.44440731338006595
Nomadic Octopus,Others,3,0.33589706890620935,-0.2593609254690212
MoustachedBouncer,Others,4,0.0021532504501499726,0.24666092774913273
SideCopy,Others,3,0.5373866143408007,-0.26798260821493386
Inception,Others,3,0.3210267501805603,-0.3964156957660627
Contagious Interview,Others,2,0.17948532021264466,0.7476043207306786
FIN10,Others,1,-0.4759966772113209,-0.06831682808750478
Poseidon Group,Others,4,-0.4575625791026204,-0.3152044800679713
Storm-0501,Others,1,-0.30078957353534574,0.15279187386615814
Ferocious Kitten,Others,3,0.9305473909563114,-0.3284013808757596
Rancor,Others,3,0.39714081390438805,-0.2489735374903785
Windigo,Others,4,-0.15750951667042223,-0.23167275613687618
RTM,Others,3,0.7020589667856603,-0.49311076879054644
DarkVishnya,Others,1,-0.6210802152592111,-0.20296126674712783
SilverTerrier,Others,1,-0.2536422419918336,0.211731881308813
The White Company,Others,3,0.5593393011688702,-0.6947877005175043
TA577,Others,2,0.5771074043380833,0.8358462935440748
Threat Group-1314,Others,1,-0.7822398395666312,0.14101938507607106
Star Blizzard,Russia,2,0.7041206017637289,0.844891708147155
APT18,China,4,-0.3183943427338606,-0.27709207982931694
Strider,Others,0,-0.4739453524821421,-0.817649851599076
Lotus Blossom,Others,4,-0.686571258392047,-0.12351102260998095
APT12,Others,3,0.9361725009928527,-0.35025153963741396
RedEcho,Others,2,0.3489474319525647,0.24662897574696435
Deep Panda,Others,1,-0.746369491620309,-0.11506966508618101
Moafee,Others,4,0.13609334844028073,0.1929871829648995
GCMAN,Others,4,-0.18196530608907602,-0.07165643094127562
TA459,Others,3,0.797074222404406,-0.26746200247477064
APT30,China,3,1.1369723778056555,-0.5179822550266022
Water Galura,Others,1,-0.15477612720136638,1.0254252267602468
FIN5,Others,4,-0.7333182948200615,0.056075973274460025
Scarlet Mimic,Others,3,0.541135552424153,-0.6891976007974213
IndigoZebra,Others,2,0.9329769438697331,0.5480616978900416
Winnti Group,China,4,0.06814474557773019,-0.23194205263527704
Gallmaker,Others,3,0.3847814991542918,-0.273680780162643
Thrip,Others,4,0.014960423000145296,0.249851409915564
Cleaver,Others,2,0.07961606648874987,0.7400498793354723
APT17,China,2,0.11158152728580534,1.1591377112289936
Equation,Others,0,-0.4490694153464477,-0.9114389059678913
Whitefly,Others,4,0.2060952346296339,-0.5067453953349373
Ajax Security Team,Others,3,0.7112944145324139,-0.4969929874330835
PittyTiger,Others,4,-0.42105885788188224,0.45638332684728966
Putter Panda,Others,2,0.03562637399768193,-0.2727794300884278
APT16,Others,2,-0.04834708690370075,0.7473697596787158
